1.760872,3.513324,3.286491,2.691993,3.003587,2.415247,2.908059,3.035176,3.012208,2.936200,3.790605,inf,3.365151,2.541646,3.327935,2.812857,3.470353,3.184094,3.165573,3.521493,2.652646,inf,2.841004,3.097458,2.443291,3.853981,3.071258,3.283838,3.195330,3.191613,3.262096,2.488966,inf,2.621629,3.123780,3.829586,2.331720,3.006683,2.839680,2.443291,2.871124,2.966951,3.574173,3.195330,3.350161,2.737185,2.548152,3.069673,inf,3.121945,2.712790,2.996288,2.846529,3.055179,2.958101,3.184094,inf,3.379192,2.928681,2.999220,3.290181,2.921047,2.901437,3.257912,3.064888,3.519172,3.220606,3.381750,inf,3.776905,3.552893,3.816927,3.176460,2.848756,inf,3.541904,2.828345,3.174919,2.958101,3.280280,2.913295
3.513324,1.866005,3.242863,3.333637,3.239767,3.301068,3.490813,2.669370,2.854159,2.694624,2.744310,3.637932,4.059476,2.991548,3.655275,3.223190,3.157227,inf,3.657165,3.869244,3.091559,2.667325,3.077184,inf,2.882204,3.743587,2.758131,3.341680,2.882204,3.630525,4.124657,2.876286,inf,2.631816,3.503800,2.711740,3.179787,3.242863,2.865253,3.372618,3.550956,2.653824,2.837397,3.778083,3.789073,2.814137,2.221326,2.959279,3.346972,3.526361,3.169886,3.132132,4.234001,3.048605,3.540854,2.914473,3.379710,2.762998,3.164860,4.040119,3.232467,3.157227,2.696422,3.435200,3.301068,2.782397,3.456786,3.474089,inf,2.490824,2.637780,3.248387,3.066066,3.084936,4.078112,3.575351,3.411099,2.670296,2.938868,3.863033,3.058314
3.286491,3.242863,1.761810,inf,2.869092,3.276967,3.263979,2.789110,2.506744,2.945546,3.799951,3.411099,4.179216,4.118740,3.428441,3.892237,3.276967,3.049599,3.286491,3.093104,inf,2.951317,4.132825,inf,3.257356,3.516753,3.283336,3.716833,3.897823,4.096838,3.271442,3.261340,3.623540,3.257356,3.826273,3.838932,2.952953,3.362603,3.219995,inf,3.145785,3.322870,3.236945,2.746531,3.908813,3.786251,2.517476,3.425592,2.493756,3.299527,3.348517,2.905298,3.202449,3.208366,3.314021,3.081868,2.883379,3.185806,3.540013,3.120138,3.757672,3.276967,2.607715,2.739231,3.074234,2.902137,4.125832,3.135683,3.970114,3.439678,3.215666,2.853318,3.276967,3.551250,2.955398,3.897823,2.706509,3.295837,2.967447,3.145785,2.687639
2.691993,3.333637,inf,1.754132,3.170474,inf,3.277678,2.946650,3.290666,2.934850,inf,inf,3.185464,2.956752,2.724599,2.807324,2.944093,3.207139,3.097458,3.341806,2.440690,3.514322,2.744844,2.806199,2.721750,inf,3.440877,4.077106,3.015643,2.868084,3.250645,2.778414,3.434507,2.478996,2.944093,3.649899,2.470027,3.250645,2.899779,2.407445,2.721750,2.628037,3.394486,3.159484,3.026632,2.904071,2.917771,3.236559,inf,3.365907,2.533103,3.222066,2.778414,3.019333,2.821920,2.252368,3.387493,3.343346,2.927331,2.819533,3.568639,2.701339,2.610178,3.313226,2.808126,inf,2.838187,2.855489,inf,2.624263,2.568487,3.087934,3.546079,3.362217,inf,3.362217,3.106804,3.453377,3.124988,3.100593,2.498606
3.003587,3.239767,2.869092,3.170474,1.733814,2.647489,2.581821,3.860231,2.941383,3.120787,3.373206,inf,3.752471,3.233849,3.806416,3.060027,3.196795,inf,3.552893,3.706080,3.039967,3.623184,2.810200,inf,2.627879,3.233849,4.099045,3.492821,3.012933,3.211948,4.164226,2.887276,3.543369,2.830611,inf,3.758760,3.128195,4.255386,3.048662,2.862881,3.667600,3.242699,inf,2.921772,3.279335,3.156774,3.026632,2.998848,3.183808,4.024075,3.412187,3.330927,3.580423,3.677501,3.233849,3.113268,3.005940,3.654941,3.662574,inf,3.474768,3.196795,2.974452,3.075515,3.196795,inf,3.352513,3.167084,3.543369,3.706080,3.135494,3.052954,2.850222,3.268346,3.221801,3.817652,2.666359,3.562239,3.233849,3.209454,3.300615
2.415247,3.301068,3.276967,inf,2.647489,1.629048,2.474886,3.574958,2.911523,2.835515,inf,inf,3.813772,2.857416,3.521143,3.068647,3.460829,inf,inf,3.623540,2.957427,3.684485,2.962662,inf,2.636500,3.151309,3.264466,3.351390,inf,inf,inf,2.804736,2.911523,3.238486,inf,2.780341,3.045655,3.420808,2.763390,3.126914,3.382327,3.304000,3.218075,2.983073,3.196795,inf,2.538627,3.060149,3.101268,3.189496,3.126914,inf,3.641724,3.738802,3.295151,3.174569,3.760388,3.716242,3.377302,inf,3.189496,3.460829,3.238486,3.392229,inf,3.163075,3.211082,2.881811,3.258097,3.420808,3.196795,3.460829,3.166936,inf,3.485834,3.532380,2.818821,3.623540,3.497883,inf,3.361916
2.908059,3.490813,3.263979,3.277678,2.581821,2.474886,1.574019,3.418130,2.957427,3.025260,3.277678,3.091559,2.804569,3.249894,4.057461,3.369964,3.650574,3.567047,3.457365,3.355140,3.493745,2.487936,2.603101,inf,2.479671,3.138322,3.310370,3.050720,3.375551,inf,3.172818,3.197213,2.643122,3.081657,inf,inf,3.235400,3.120138,2.876060,2.970086,3.225498,3.291013,inf,3.028977,2.837234,3.263979,2.651297,2.903320,2.944439,2.829935,3.316659,3.928547,inf,3.123828,2.882909,3.364314,3.400827,3.010107,3.017741,3.637586,3.379241,2.898535,2.937816,2.932332,inf,2.456940,2.910412,2.522250,3.794415,2.714673,2.346819,2.845855,2.551962,inf,3.675579,3.028977,2.614337,2.714673,2.882909,3.663233,2.858514
3.035176,2.669370,2.789110,2.946650,3.860231,3.574958,3.418130,1.760480,3.228385,2.896964,3.404796,3.362517,3.581328,3.174278,2.830553,3.150508,3.228385,3.347590,3.931056,3.044522,2.994481,3.196628,3.044522,2.946650,3.064933,3.010026,3.234754,2.831263,3.156094,3.355109,2.876286,2.977757,3.228385,2.750629,3.228385,3.443776,3.015943,2.870369,2.968680,2.750629,2.928967,2.724982,3.534937,3.502668,3.860231,2.932951,2.397344,3.174278,2.666091,2.736135,2.894470,3.250945,2.918865,3.082709,2.962371,3.144858,4.077250,2.993383,3.144858,2.868823,3.159784,2.770239,2.750629,3.159784,2.679079,2.675218,3.037529,3.087101,3.921532,3.044522,3.167084,3.777691,3.060149,3.502668,inf,3.156094,2.789110,2.900681,2.918865,3.587617,2.985631
3.012208,2.854159,2.506744,3.290666,2.941383,2.911523,2.957427,3.228385,1.782962,3.240980,3.637240,3.104546,4.016505,3.262881,3.377302,3.180219,3.316988,3.580035,3.816927,3.623540,3.853306,3.194071,3.276967,3.637240,2.950804,3.700616,3.669931,3.410281,3.735112,inf,3.735112,3.098629,3.460829,2.983073,3.663562,3.676221,3.594961,3.623540,3.312696,2.983073,3.238486,3.160159,inf,2.762157,3.196795,3.276967,2.944093,2.804736,3.304000,3.594961,3.329647,2.968580,3.295151,3.248387,3.354042,2.919157,inf,2.879254,3.121889,inf,3.594961,3.316988,3.185806,4.144267,3.807403,3.365807,3.269974,3.084544,inf,3.276967,inf,inf,3.023095,3.735112,3.341993,3.735112,2.853318,2.930393,3.151309,4.022794,2.871502
2.936200,2.694624,2.945546,2.934850,3.120787,2.835515,3.025260,2.896964,3.240980,1.983367,3.561232,inf,inf,2.809987,3.189722,2.901479,3.038247,3.504027,3.394345,3.200959,2.924924,3.261904,2.998226,3.214658,2.844484,3.971181,3.088123,3.222701,3.312530,3.231738,4.005678,2.891439,3.182088,2.815904,3.240980,3.142067,2.892571,3.123883,2.869703,2.704333,3.085403,2.737578,2.998226,3.312530,3.670093,2.998226,2.259887,2.840300,3.371833,3.172379,2.520470,3.316220,2.916075,3.172379,2.688706,2.843149,2.847392,3.038247,3.157453,3.025260,3.013153,3.081753,2.715569,3.441878,2.879021,3.636373,3.193965,3.075301,4.077968,3.344800,2.976946,3.129408,2.907065,3.032722,3.409826,4.005678,2.814364,2.998226,3.166462,3.320405,2.939335
3.790605,2.744310,3.799951,inf,3.373206,inf,3.277678,3.404796,3.637240,3.561232,1.589392,3.771372,3.990183,3.583133,4.044127,inf,inf,inf,inf,3.799951,3.826985,2.661948,3.597218,inf,3.414897,3.674294,3.643609,3.527800,3.708790,inf,4.055364,3.530453,inf,3.761470,3.087934,3.649899,inf,3.453377,3.632948,3.303325,4.108044,3.022266,3.394486,inf,inf,3.250645,2.806199,3.583133,inf,inf,3.852631,3.915213,3.268829,3.568639,inf,3.697554,3.936799,3.343346,3.900286,inf,3.568639,3.637240,3.414897,3.568639,inf,3.339485,inf,3.751369,inf,3.597218,3.373206,2.944093,3.892653,3.362217,inf,3.708790,3.799951,3.106804,3.327720,3.023517,inf
inf,3.637932,3.411099,inf,inf,inf,3.091559,3.362517,3.104546,inf,3.771372,1.829479,4.150637,inf,3.164860,3.863657,inf,inf,inf,3.334023,3.438132,3.048395,3.411099,3.771372,3.319938,3.834748,3.601331,3.038613,3.319938,3.721686,3.319938,3.690907,3.594961,3.921924,2.992975,3.261046,3.729093,3.411099,4.342708,2.770632,3.575351,3.294291,inf,inf,3.330927,3.064525,3.771372,3.194281,2.686094,4.075667,4.013085,2.924374,3.978589,2.977054,3.376602,3.858008,3.292534,3.503800,3.511434,3.235400,4.075667,3.451120,3.228777,3.127107,3.594961,3.041794,4.097253,2.669370,inf,3.411099,3.187086,2.992975,3.157227,inf,3.476125,3.869244,3.411099,2.761457,3.285441,3.117205,3.352207
3.365151,4.059476,4.179216,3.185464,3.752471,3.813772,2.804569,3.581328,4.016505,inf,3.990183,4.150637,1.748574,inf,3.730245,3.624323,3.467199,2.893257,2.697650,3.171764,4.206250,3.141549,4.323057,3.297036,2.565794,3.360412,3.820142,3.357759,2.936763,3.088123,3.336016,2.973817,3.813772,2.668516,3.323358,inf,2.849292,3.326842,2.932471,inf,3.015090,3.859676,inf,2.845602,3.000432,2.825191,3.990183,3.962398,3.454211,3.947904,3.336016,3.947904,2.811105,3.489759,3.595413,inf,3.217452,3.925344,3.474832,3.030562,2.577484,3.264466,2.797947,3.457490,3.264466,3.372177,3.033589,3.325915,3.061733,3.976483,2.947752,2.865212,3.925344,2.590189,3.348363,3.741482,3.374497,3.374497,2.902266,2.959131,inf
2.541646,2.991548,4.118740,2.956752,3.233849,2.857416,3.249894,3.174278,3.262881,2.809987,3.583133,inf,inf,1.936009,3.389961,2.923380,3.406722,3.525928,3.762820,3.314021,2.673554,3.139964,2.908556,3.124988,2.785126,3.646509,3.066518,3.500015,2.828631,3.186873,3.824846,2.697949,3.753296,2.693965,3.151309,3.163968,2.736135,3.222860,3.147018,2.649159,2.881311,2.994481,3.366701,3.131699,4.038568,3.020127,3.033827,2.803309,3.596467,3.684695,2.851891,3.338122,3.038311,3.194281,2.953362,2.817395,3.562440,3.662135,3.414356,3.249894,3.684695,3.151309,3.131699,3.050440,3.295151,3.455542,3.282632,3.097203,3.406722,2.817395,2.796115,3.956028,3.315562,3.681005,3.981034,3.681005,3.222860,2.919792,3.443776,3.765955,2.961236
3.327935,3.655275,3.428441,2.724599,3.806416,3.521143,4.057461,2.830553,3.377302,3.189722,4.044127,3.164860,3.730245,3.389961,1.965397,3.510032,3.265730,3.182203,4.223814,2.760941,3.220473,3.254385,3.225709,2.845180,3.114938,3.558197,3.180939,3.614436,3.592694,3.142067,3.246120,2.893629,3.867717,3.848106,2.871502,3.533802,3.105969,3.163127,3.332989,2.840655,2.995732,3.161582,inf,4.142000,3.348270,3.134548,3.350980,3.323195,3.364314,3.655275,3.003366,3.149475,3.211623,3.028894,2.931816,3.581457,3.565289,2.909255,2.861276,2.703436,3.149475,3.318411,3.704265,3.655275,3.174569,3.426121,3.087534,2.712359,3.664984,3.683854,inf,2.919157,3.632715,3.795426,3.546148,4.142000,3.134548,3.337281,3.760930,3.278389,3.278389
2.812857,3.223190,3.892237,2.807324,3.060027,3.068647,3.369964,3.150508,3.180219,2.901479,inf,3.863657,3.624323,2.923380,3.510032,2.021399,3.382952,3.645998,inf,3.434091,2.698097,3.750449,3.028626,3.356630,2.905196,3.014541,3.389321,3.233491,3.342930,3.064190,3.689504,2.961860,3.324060,2.571281,3.036378,3.395611,2.856206,3.140198,3.204507,2.702464,3.264429,2.983369,3.140198,2.793624,3.262759,2.937465,3.010056,2.923380,3.369964,3.660925,2.745969,3.071597,3.217273,3.071597,2.987507,3.037801,3.224366,3.638365,2.691227,3.090156,2.706154,3.180219,2.774014,3.517084,2.774754,4.124918,3.224366,3.640922,4.219940,2.716549,2.772345,3.180219,3.638365,4.147649,inf,3.342930,3.087518,3.199089,3.420006,3.395611,2.878574
3.470353,3.157227,3.276967,2.944093,3.196795,3.460829,3.650574,3.228385,3.316988,3.038247,inf,inf,3.467199,3.406722,3.265730,3.382952,1.624793,3.233461,2.843972,3.623540,3.048588,3.887218,2.930393,3.290666,3.185806,inf,inf,4.103428,inf,3.384821,3.735112,3.210201,inf,3.094645,3.316988,3.126914,3.594961,2.890372,3.403857,2.983073,2.983073,3.506733,3.074234,3.735112,inf,3.276967,3.637240,3.609455,2.610853,inf,3.074234,3.594961,2.948577,3.248387,3.074234,3.377302,2.440860,2.946019,3.580035,3.304000,3.941535,3.316988,3.441219,3.451120,2.708790,3.365807,3.616547,3.084544,3.460829,2.583820,2.594809,2.767682,inf,2.839232,2.489619,3.735112,3.479699,3.479699,3.700616,2.871502,2.668769
3.184094,inf,3.049599,3.207139,inf,inf,3.567047,3.347590,3.580035,3.504027,inf,inf,2.893257,3.525928,3.182203,3.645998,3.233461,1.691049,3.040253,4.089319,3.220473,inf,3.081868,3.207139,2.434778,inf,3.586404,inf,inf,3.045881,3.998159,3.126674,inf,2.605653,2.886887,inf,3.511434,2.591453,3.575743,2.899546,2.899546,3.769779,inf,3.305011,3.316001,3.193440,3.553713,3.525928,inf,3.511434,3.102279,3.511434,2.721209,2.885053,2.990707,3.640349,3.879594,3.488874,3.496508,2.873900,2.575533,3.233461,2.755705,3.714167,3.030728,3.628854,3.330288,3.694164,inf,inf,inf,3.233461,3.835447,2.958438,inf,inf,2.846866,inf,2.923941,3.939267,2.787975
3.165573,3.657165,3.286491,3.097458,3.552893,inf,3.457365,3.931056,3.816927,3.394345,inf,inf,2.697650,3.762820,4.223814,inf,2.843972,3.040253,1.748966,3.776905,inf,4.040583,3.776905,3.790605,4.143890,inf,inf,3.452074,2.848756,3.282773,3.541904,3.083758,3.614194,inf,3.816927,3.280280,2.708605,3.430332,2.816420,inf,3.483012,3.660098,inf,3.195330,inf,inf,3.444031,inf,3.110792,3.545594,inf,inf,2.899210,4.094900,3.507407,inf,2.671300,3.099385,inf,3.254633,inf,2.964553,3.248010,3.324677,3.064888,inf,3.220606,3.931056,inf,inf,2.748174,3.470353,inf,2.534452,2.868977,inf,inf,3.979638,inf,2.566721,inf
3.521493,3.869244,3.093104,3.341806,3.706080,3.623540,3.355140,3.044522,3.623540,3.200959,3.799951,3.334023,3.171764,3.314021,2.760941,3.434091,3.623540,4.089319,3.776905,2.008577,3.669444,3.500623,3.786251,3.453377,3.257356,3.314021,3.427177,3.114847,inf,3.292119,3.023223,2.890372,2.818821,4.297077,3.074234,4.185505,3.299527,3.236945,3.195599,3.492358,3.257356,2.917405,3.930093,3.551250,3.012933,3.786251,3.250645,3.425592,2.917405,3.411099,3.348517,3.299527,3.380786,3.131291,3.170180,3.683854,3.273458,3.145785,3.193440,2.687639,2.952953,2.890372,3.460089,2.952953,3.767381,2.939191,3.273458,2.677538,4.316687,3.159870,3.215666,3.368127,3.041965,4.244397,3.504704,3.695091,3.362603,3.016029,3.516753,3.289626,3.727360
2.652646,3.091559,inf,2.440690,3.039967,2.957427,3.493745,2.994481,3.853306,2.924924,3.826985,3.438132,4.206250,2.673554,3.220473,2.698097,3.048588,3.220473,inf,3.669444,1.706637,inf,2.687639,2.931105,2.658008,3.890360,3.310370,3.600026,2.885136,2.881419,3.231710,2.810618,inf,2.329619,2.957427,inf,2.502231,3.163644,3.078792,2.320444,2.756364,2.656757,3.263979,3.120138,3.386540,2.917405,2.787264,3.249894,inf,4.131279,2.402596,2.979987,2.751727,2.811751,2.820327,2.815008,3.806292,3.415572,3.017741,2.944439,inf,2.917405,2.496622,3.294291,2.898535,inf,3.179910,3.274289,inf,2.493756,2.549552,2.957427,3.762146,inf,inf,3.231710,3.043063,3.211299,3.341054,3.407820,2.603101
inf,2.667325,2.951317,3.514322,3.623184,3.684485,2.487936,3.196628,3.194071,3.261904,2.661948,3.048395,3.141549,3.139964,3.254385,3.750449,3.887218,inf,4.040583,3.500623,inf,1.774459,3.154049,3.056177,2.894652,3.028392,3.088868,3.128137,3.265621,3.811210,3.409462,3.087284,3.684485,3.318301,3.337912,3.553303,3.269311,2.979896,3.392511,inf,3.075547,3.181083,2.839745,3.409462,3.623184,2.604743,2.578421,3.283805,2.978350,3.472044,3.062888,3.472044,3.721539,3.472044,inf,3.398226,3.147056,2.943683,3.803691,3.874230,3.125470,3.082499,2.716315,2.738875,4.031059,2.582012,3.840203,3.105467,4.031059,2.807476,2.650229,2.847497,3.102910,3.612195,3.912223,2.985813,2.898636,2.504408,2.825659,4.246450,3.238999
2.841004,3.077184,4.132825,2.744844,2.810200,2.962662,2.603101,3.044522,3.276967,2.998226,3.597218,3.411099,4.323057,2.908556,3.225709,3.028626,2.930393,3.081868,3.776905,3.786251,2.687639,3.154049,1.858525,2.904071,2.478284,3.314021,3.427177,3.716833,3.145785,3.142067,3.492358,2.890372,3.218075,2.677738,2.871502,3.636199,2.802901,3.062792,3.017262,2.393746,2.918657,2.714673,inf,3.492358,3.503348,2.890372,2.701339,2.673554,3.263979,3.901513,2.687639,3.554940,3.052397,3.208366,2.967447,2.879135,4.269673,3.074234,3.260205,2.984171,3.698781,2.818821,2.774816,3.352207,2.915007,3.672360,3.070725,3.279524,inf,3.380786,3.706080,3.420808,3.126914,4.041664,3.995119,3.236945,2.687639,3.236945,2.908556,3.636199,2.719908
3.097458,inf,inf,2.806199,inf,inf,inf,2.946650,3.637240,3.214658,inf,3.771372,3.297036,3.124988,2.845180,3.356630,3.290666,3.207139,3.790605,3.453377,2.931105,3.056177,2.904071,1.779137,2.865591,inf,inf,inf,3.159484,3.103086,3.506058,3.072307,3.434507,3.212164,2.832521,inf,3.019333,3.250645,3.209299,2.498606,2.909096,3.277678,inf,inf,3.719780,2.904071,3.264344,3.236559,inf,inf,2.812910,3.365907,2.922255,3.110494,2.869575,3.350980,inf,3.546079,3.095567,2.819533,3.915213,3.087934,3.414897,3.568639,3.434507,inf,3.387493,3.202063,inf,inf,inf,inf,inf,inf,inf,3.159484,2.904071,3.799951,2.981147,3.996472,2.845180
2.443291,2.882204,3.257356,2.721750,2.627879,2.636500,2.479671,3.064933,2.950804,2.844484,3.414897,3.319938,2.565794,2.785126,3.114938,2.905196,3.185806,2.434778,4.143890,3.257356,2.658008,2.894652,2.478284,2.865591,1.718240,3.681005,3.303747,3.331779,3.166196,2.763224,3.368928,2.438552,inf,2.257970,2.604231,4.003184,2.770632,2.910783,2.834940,2.302585,2.592494,3.028977,3.401197,2.910783,2.550804,2.799211,2.577909,2.653943,3.081657,4.268498,2.708050,3.117205,2.487772,3.069550,2.851891,2.808386,3.191472,3.272983,3.011118,2.560930,2.399663,2.727661,2.392414,3.054624,2.780341,3.234625,2.817865,2.905707,inf,2.668029,2.753536,2.791577,2.800752,2.675781,inf,3.512769,2.375562,2.954288,2.505318,4.349757,2.393746
3.853981,3.743587,3.516753,inf,3.233849,3.151309,3.138322,3.010026,3.700616,3.971181,3.674294,3.834748,3.360412,3.646509,3.558197,3.014541,inf,inf,inf,3.314021,3.890360,3.028392,3.314021,inf,3.681005,1.781658,4.053559,inf,3.222860,3.278034,3.145785,3.391096,inf,2.928967,3.700616,inf,3.632015,3.111288,3.899056,3.020127,3.622114,3.890360,inf,3.222860,3.783156,3.660594,3.327720,2.953362,inf,3.173870,3.916007,inf,3.534937,3.632015,3.391096,inf,3.195456,3.956028,3.270515,3.687628,3.429283,3.354042,3.222860,3.285441,inf,3.056288,4.000175,inf,3.295151,inf,3.436582,3.354042,3.956028,3.772166,inf,3.425592,3.516753,3.170180,3.737670,inf,inf
3.071258,2.758131,3.283336,3.440877,4.099045,3.264466,3.310370,3.234754,3.669931,3.088123,3.643609,3.601331,3.820142,3.066518,3.180939,3.389321,inf,3.586404,inf,3.427177,3.310370,3.088868,3.427177,inf,3.303747,4.053559,1.854229,3.357759,3.283336,3.188458,3.283336,3.563144,3.467199,3.042123,3.323358,3.133284,3.254757,2.980268,3.665639,3.682590,3.204834,3.233294,3.773751,3.741482,inf,3.427177,3.185464,3.413092,3.656943,3.254757,3.133284,3.254757,3.648094,2.849292,4.400132,3.037098,3.622917,3.467199,3.474832,3.454211,3.601331,3.264466,3.023939,3.298263,3.355627,2.822871,3.766758,3.090913,3.467199,3.283336,3.405897,3.211786,2.749656,3.115100,3.694936,3.394908,3.080604,3.027923,3.013838,3.571018,3.224445
3.283838,3.341680,3.716833,4.077106,3.492821,3.351390,3.050720,2.831263,3.410281,3.222701,3.527800,3.038613,3.357759,3.500015,3.614436,3.233491,4.103428,inf,3.452074,3.114847,3.600026,3.128137,3.716833,inf,3.331779,inf,3.357759,2.072474,3.625672,4.027420,3.548597,3.447335,2.749403,3.534512,4.103428,3.220207,3.688254,3.413765,3.549830,3.220207,3.475620,3.094225,inf,3.202024,3.087356,3.167527,2.978494,4.049321,3.194561,3.832095,3.514101,2.909182,4.284323,3.027376,2.964795,3.065130,3.430032,3.116388,3.012450,3.285722,3.138948,3.756855,3.534512,3.485522,3.004816,3.347528,3.709840,2.649810,4.247269,3.370260,2.688102,3.063707,2.813320,3.481831,3.781860,3.370260,3.716833,2.849533,3.244602,3.311368,3.657942
3.195330,2.882204,3.897823,3.015643,3.012933,inf,3.375551,3.156094,3.735112,3.312530,3.708790,3.319938,2.936763,2.828631,3.592694,3.342930,inf,inf,2.848756,inf,2.885136,3.265621,3.145785,3.159484,3.166196,3.222860,3.283336,3.625672,1.860752,3.032722,3.348517,3.281751,inf,2.819622,3.735112,3.747771,2.693556,3.695091,2.807907,2.851891,3.656610,3.028977,3.492358,3.001944,3.817652,3.348517,2.904071,3.681005,3.028977,4.013085,3.257356,3.666512,3.366701,2.973364,3.569433,3.448852,3.229952,3.297378,3.998159,3.172818,3.666512,3.185806,2.675781,2.829523,3.878953,3.090784,3.341524,3.849241,3.878953,2.890372,2.921772,2.930393,3.643951,3.001944,3.760117,3.001944,3.348517,3.204676,3.425592,2.995732,3.289626
3.191613,3.630525,4.096838,2.868084,3.211948,inf,inf,3.355109,inf,3.231738,inf,3.721686,3.088123,3.186873,3.142067,3.064190,3.384821,3.045881,3.282773,3.292119,2.881419,3.811210,3.142067,3.103086,2.763224,3.278034,3.188458,4.027420,3.032722,1.960374,3.069776,2.974966,3.384821,2.704333,2.961172,3.397480,2.892571,3.403691,3.006922,2.704333,2.988325,3.084151,inf,3.312530,4.016667,3.089387,3.358499,3.186873,inf,3.662794,2.907065,3.407381,2.872569,2.969647,2.819889,3.445135,3.193965,3.640234,3.098561,2.881419,3.239145,3.038247,2.763224,3.316220,3.384821,3.636373,3.135074,3.243538,3.182088,3.547532,3.670093,3.587554,3.640234,3.109798,inf,3.200959,3.200959,3.200959,3.075301,3.320405,3.142067
3.262096,4.124657,3.271442,3.250645,4.164226,inf,3.172818,2.876286,3.735112,4.005678,4.055364,3.319938,3.336016,3.824846,3.246120,3.689504,3.735112,3.998159,3.541904,3.023223,3.231710,3.409462,3.492358,3.506058,3.368928,3.145785,3.283336,3.548597,3.348517,3.069776,1.974882,3.122525,3.185806,2.886388,3.185806,3.545038,3.117205,3.439678,3.307171,3.401197,3.453878,3.298475,inf,3.806662,inf,3.492358,2.956752,4.027579,3.722124,2.750221,3.324122,3.554940,3.222860,3.208366,3.314021,3.448852,3.182297,3.441219,3.371777,2.869750,3.554940,2.839232,3.603930,3.176097,4.225527,2.744211,3.282632,3.156094,3.126914,3.348517,3.471078,4.081686,3.532380,3.603930,inf,3.054624,3.348517,3.348517,3.425592,3.289626,3.636199
2.488966,2.876286,3.261340,2.778414,2.887276,2.804736,3.197213,2.977757,3.098629,2.891439,3.530453,3.690907,2.973817,2.697949,2.893629,2.961860,3.210201,3.126674,3.083758,2.890372,2.810618,3.087284,2.890372,3.072307,2.438552,3.391096,3.563144,3.447335,3.281751,2.974966,3.122525,1.958411,3.354042,2.708050,2.583820,3.916007,2.552273,3.261340,2.838925,2.673554,2.957546,2.994481,2.687639,3.170180,3.436582,2.664379,2.678079,3.044522,3.543787,3.488174,3.020127,2.898847,2.932951,3.030029,2.967447,3.067782,3.163187,3.465614,3.067782,2.647907,2.736135,2.727661,2.844017,2.967447,3.242470,2.709714,3.104295,2.918865,inf,2.509302,2.540702,3.903348,3.262881,3.001944,inf,inf,2.823606,2.783585,3.044522,2.980106,2.705823
inf,inf,3.623540,3.434507,3.543369,2.911523,2.643122,3.228385,3.460829,3.182088,inf,3.594961,3.813772,3.753296,3.867717,3.324060,inf,inf,3.614194,2.818821,inf,3.684485,3.218075,3.434507,inf,inf,3.467199,2.749403,inf,3.384821,3.185806,3.354042,1.557498,inf,3.460829,2.924182,inf,3.970114,3.312696,3.126914,3.585060,2.845855,2.871502,2.983073,2.738650,3.420808,2.885201,inf,inf,3.738802,inf,3.189496,3.641724,3.738802,2.804736,2.716424,3.413815,3.166936,2.919157,2.754694,3.189496,3.002684,3.441219,3.392229,3.055364,3.163075,3.067241,2.881811,inf,3.420808,2.503648,3.114256,2.743287,inf,inf,2.727661,inf,2.524928,inf,3.473488,3.015343
2.621629,2.631816,3.257356,2.478996,2.830611,3.238486,3.081657,2.750629,2.983073,2.815904,3.761470,3.921924,2.668516,2.693965,3.848106,2.571281,3.094645,2.605653,inf,4.297077,2.329619,3.318301,2.677738,3.212164,2.257970,2.928967,3.042123,3.534512,2.819622,2.704333,2.886388,2.708050,inf,1.684849,2.983073,3.800451,2.399663,3.257356,3.090353,2.254930,2.736335,2.532351,3.545038,2.616889,2.974452,3.198465,2.562523,3.387112,3.225498,inf,2.480923,3.372618,2.686213,3.169886,2.785126,2.808386,3.047631,3.238486,2.768364,2.878925,2.567899,3.035754,2.148843,2.986023,2.780341,3.143464,2.936059,3.352616,inf,2.428242,2.719040,2.636500,3.493899,2.616889,3.812798,2.963463,2.851891,2.751556,2.851891,3.597719,2.590267
3.123780,3.503800,3.826273,2.944093,inf,inf,inf,3.228385,3.663562,3.240980,3.087934,2.992975,3.323358,3.151309,2.871502,3.036378,3.316988,2.886887,3.816927,3.074234,2.957427,3.337912,2.871502,2.832521,2.604231,3.700616,3.323358,4.103428,3.735112,2.961172,3.185806,2.583820,3.460829,2.983073,1.760230,3.676221,3.045655,3.133126,3.403857,2.636500,2.588845,2.957427,3.074234,3.388538,3.399528,2.727661,3.290666,3.262881,3.650574,3.594961,2.780341,3.136816,2.804736,3.045655,3.007468,3.174569,3.963121,3.369668,3.377302,2.499281,3.045655,2.767682,2.748072,3.451120,3.114256,2.672660,3.269974,2.972972,3.807403,3.276967,inf,3.663562,3.918974,3.185806,3.688567,inf,3.021554,3.276967,3.151309,2.740319,2.871502
3.829586,2.711740,3.838932,3.649899,3.758760,2.780341,inf,3.443776,3.676221,3.142067,3.649899,3.261046,inf,3.163968,3.533802,3.395611,3.126914,inf,3.280280,4.185505,inf,3.553303,3.636199,inf,4.003184,inf,3.133284,3.220207,3.747771,3.397480,3.545038,3.916007,2.924182,3.800451,3.676221,1.658658,inf,4.185505,3.416516,inf,3.800451,3.172818,3.433467,3.747771,3.412187,3.636199,2.754019,3.275540,3.113927,inf,3.891612,3.404887,3.510542,3.149475,3.366701,3.187228,2.776832,3.238486,3.134548,3.663233,2.914473,4.022794,3.107304,3.463779,3.015343,3.725040,3.282632,inf,3.820062,3.636199,inf,3.676221,3.585060,3.198465,2.805346,2.774816,3.492358,2.596478,3.366701,2.995732,inf
2.331720,3.179787,2.952953,2.470027,3.128195,3.045655,3.235400,3.015943,3.594961,2.892571,inf,3.729093,2.849292,2.736135,3.105969,2.856206,3.594961,3.511434,2.708605,3.299527,2.502231,3.269311,2.802901,3.019333,2.770632,3.632015,3.254757,3.688254,2.693556,2.892571,3.117205,2.552273,inf,2.399663,3.045655,inf,1.590760,3.299527,2.550948,2.456327,2.914473,2.585758,2.802901,2.861793,3.128195,3.208366,2.470027,2.736135,inf,3.323628,2.611405,3.526361,2.879976,3.526361,3.005634,3.105969,2.998640,inf,3.308701,3.235400,inf,2.968580,2.449705,2.924374,3.189496,3.297207,2.998640,3.362517,inf,2.861793,2.984354,3.248387,3.503800,2.973364,inf,3.319938,3.064525,2.606380,3.632015,2.855581,3.149475
3.006683,3.242863,3.362603,3.250645,4.255386,3.420808,3.120138,2.870369,3.623540,3.123883,3.453377,3.411099,3.326842,3.222860,3.163127,3.140198,2.890372,2.591453,3.430332,3.236945,3.163644,2.979896,3.062792,3.250645,2.910783,3.111288,2.980268,3.413765,3.695091,3.403691,3.439678,3.261340,3.970114,3.257356,3.133126,4.185505,3.299527,1.813845,3.172339,2.943052,2.729330,3.163644,3.583519,3.348517,4.255386,2.981533,3.047912,3.145785,2.840330,4.104246,2.842717,3.646101,3.071267,3.208366,3.111288,3.428441,3.432685,3.623540,2.990707,3.008566,3.096794,3.021554,3.217335,3.236945,3.511969,3.022718,3.273458,2.900681,3.767381,3.328106,2.935858,3.021554,3.735112,2.858102,3.224897,3.348517,3.184265,3.093104,2.642153,4.532079,3.100978
2.839680,2.865253,3.219995,2.899779,3.048662,2.763390,2.876060,2.968680,3.312696,2.869703,3.632948,4.342708,2.932471,3.147018,3.332989,3.204507,3.403857,3.575743,2.816420,3.195599,3.078792,3.392511,3.017262,3.209299,2.834940,3.899056,3.665639,3.549830,2.807907,3.006922,3.307171,2.838925,3.312696,3.090353,3.403857,3.416516,2.550948,3.172339,2.119661,2.901706,3.031462,2.732218,3.272675,2.926101,3.597969,3.195599,2.434000,3.114748,3.096976,3.069942,2.926101,3.335256,3.035446,3.167020,3.046682,3.229169,4.508135,3.568109,3.431902,3.155867,3.204074,2.987402,2.730080,3.217062,3.312696,3.014942,3.188606,2.850486,3.547698,3.128834,3.139823,3.057283,3.265041,3.037673,3.428862,3.081179,2.873421,3.331566,3.205909,2.978781,3.213783
2.443291,3.372618,inf,2.407445,2.862881,3.126914,2.970086,2.750629,2.983073,2.704333,3.303325,2.770632,inf,2.649159,2.840655,2.702464,2.983073,2.899546,inf,3.492358,2.320444,inf,2.393746,2.498606,2.302585,3.020127,3.682590,3.220207,2.851891,2.704333,3.401197,2.673554,3.126914,2.254930,2.636500,inf,2.456327,2.943052,2.901706,1.366684,2.601504,2.714673,3.086893,3.401197,3.065613,2.484907,2.610178,2.582393,inf,inf,2.346091,2.802901,2.614662,2.711740,2.561982,2.696814,inf,inf,3.043387,2.623512,3.607620,2.524928,2.616889,3.463779,2.924182,inf,2.936059,2.547897,inf,3.289626,inf,3.329647,2.891913,inf,inf,3.054624,2.452637,2.943052,2.817395,inf,2.426015
2.871124,3.550956,3.145785,2.721750,3.667600,3.382327,3.225498,2.928967,3.238486,3.085403,4.108044,3.575351,3.015090,2.881311,2.995732,3.264429,2.983073,2.899546,3.483012,3.257356,2.756364,3.075547,2.918657,2.909096,2.592494,3.622114,3.204834,3.475620,3.656610,2.988325,3.453878,2.957546,3.585060,2.736335,2.588845,3.800451,2.914473,2.729330,3.031462,2.601504,2.055237,3.041636,inf,3.054624,3.321026,2.811870,3.135089,3.275540,3.148423,3.607620,2.701839,3.372618,2.769740,2.967153,2.870075,3.154959,3.884619,3.190831,3.298800,2.767353,3.092810,2.958678,2.713075,3.372618,3.238486,3.490038,3.017318,2.862201,3.728901,3.401197,2.974452,3.161411,3.291166,3.310037,3.354652,3.512769,2.910783,3.198465,3.072808,3.342306,2.793000
2.966951,2.653824,3.322870,2.628037,3.242699,3.304000,3.291013,2.724982,3.160159,2.737578,3.022266,3.294291,3.859676,2.994481,3.161582,2.983369,3.506733,3.769779,3.660098,2.917405,2.656757,3.181083,2.714673,3.277678,3.028977,3.890360,3.233294,3.094225,3.028977,3.084151,3.298475,2.994481,2.845855,2.532351,2.957427,3.172818,2.585758,3.163644,2.732218,2.714673,3.041636,1.798733,3.263979,3.231710,inf,3.120138,2.472959,3.249894,3.147172,2.744985,2.596478,3.235400,3.341054,3.091559,2.954459,2.815008,3.806292,3.304000,3.567047,2.741706,3.326561,2.783273,2.570832,3.014483,2.898535,2.803513,2.953918,2.816143,3.997147,2.773564,3.242699,3.048588,2.866266,2.885136,3.329006,2.773564,3.466712,2.773564,3.085641,2.970086,3.061246
3.574173,2.837397,3.236945,3.394486,inf,3.218075,inf,3.534937,inf,2.998226,3.394486,inf,inf,3.366701,inf,3.140198,3.074234,inf,inf,3.930093,3.263979,2.839745,inf,inf,3.401197,inf,3.773751,inf,3.492358,inf,inf,2.687639,2.871502,3.545038,3.074234,3.433467,2.802901,3.583519,3.272675,3.086893,inf,3.263979,1.511952,inf,3.156774,2.687639,2.498606,2.673554,3.061246,3.149475,3.636199,3.698781,inf,3.698781,3.804435,3.481122,2.915648,inf,3.337281,inf,3.698781,3.420808,2.943052,3.096794,3.564649,2.920321,3.171061,inf,inf,2.282174,2.463627,inf,3.329647,3.492358,inf,inf,3.583519,2.484907,inf,3.780040,2.628748
3.195330,3.778083,2.746531,3.159484,2.921772,2.983073,3.028977,3.502668,2.762157,3.312530,inf,inf,2.845602,3.131699,4.142000,2.793624,3.735112,3.305011,3.195330,3.551250,3.120138,3.409462,3.492358,inf,2.910783,3.222860,3.741482,3.202024,3.001944,3.312530,3.806662,3.170180,2.983073,2.616889,3.388538,3.747771,2.861793,3.348517,2.926101,3.401197,3.054624,3.231710,inf,1.735095,3.124505,inf,3.362217,inf,2.917405,2.693556,3.054624,2.567899,2.876286,3.208366,3.314021,2.990707,3.341524,3.185806,2.644134,3.375551,2.730610,3.532380,2.742547,3.064525,3.185806,3.783931,3.229952,3.299935,3.532380,3.348517,2.921772,2.381087,3.643951,2.910783,3.760117,2.910783,3.897823,3.348517,3.772166,3.198465,3.636199
3.350161,3.789073,3.908813,3.026632,3.279335,3.196795,2.837234,3.860231,3.196795,3.670093,inf,3.330927,3.000432,4.038568,3.348270,3.262759,inf,3.316001,inf,3.012933,3.386540,3.623184,3.503348,3.719780,2.550804,3.783156,inf,3.087356,3.817652,4.016667,inf,3.436582,2.738650,2.974452,3.399528,3.412187,3.128195,4.255386,3.597969,3.065613,3.321026,inf,3.156774,3.124505,1.798420,3.706080,3.719780,3.345421,inf,inf,inf,3.677501,2.887276,3.128195,3.783156,3.806416,3.240942,3.028559,2.910536,3.733114,2.872782,3.543369,3.100110,4.226807,3.889943,inf,3.240942,2.761619,3.889943,3.359507,inf,3.746102,2.961794,3.471078,inf,inf,3.215666,3.104094,3.436582,4.105334,3.647189
2.737185,2.814137,3.786251,2.904071,3.156774,inf,3.263979,2.932951,3.276967,2.998226,3.250645,3.064525,2.825191,3.020127,3.134548,2.937465,3.276967,3.193440,inf,3.786251,2.917405,2.604743,2.890372,2.904071,2.799211,3.660594,3.427177,3.167527,3.348517,3.089387,3.492358,2.664379,3.420808,3.198465,2.727661,3.636199,3.208366,2.981533,3.195599,2.484907,2.811870,3.120138,2.687639,inf,3.706080,1.647918,2.701339,2.876286,3.263979,inf,2.740319,3.005634,2.908556,2.861793,2.855875,3.134548,3.118380,3.329647,3.081868,2.917405,3.901513,2.771166,2.977548,3.411099,3.420808,2.979212,3.229952,2.932951,3.074234,3.034213,3.359507,3.623540,3.532380,3.695091,inf,3.695091,2.890372,2.634959,2.967447,inf,2.831480
2.548152,2.221326,2.517476,2.917771,3.026632,2.538627,2.651297,2.397344,2.944093,2.259887,2.806199,3.771372,3.990183,3.033827,3.350980,3.010056,3.637240,3.553713,3.444031,3.250645,2.787264,2.578421,2.701339,3.264344,2.577909,3.327720,3.185464,2.978494,2.904071,3.358499,2.956752,2.678079,2.885201,2.562523,3.290666,2.754019,2.470027,3.047912,2.434000,2.610178,3.135089,2.472959,2.498606,3.362217,3.719780,2.701339,1.539351,2.543412,inf,2.561188,2.570157,3.019333,3.268829,3.019333,2.738393,2.657833,3.387493,2.852932,3.095567,3.277678,3.222066,2.701339,2.298101,3.078225,3.087934,2.790179,3.243652,3.202063,inf,2.904071,3.026632,2.944093,2.996773,3.015643,inf,3.159484,2.517476,2.648658,2.778414,3.996472,2.989021
3.069673,2.959279,3.425592,3.236559,2.998848,3.060149,2.903320,3.174278,2.804736,2.840300,3.583133,3.194281,3.962398,2.803309,3.323195,2.923380,3.609455,3.525928,inf,3.425592,3.249894,3.283805,2.673554,3.236559,2.653943,2.953362,3.413092,4.049321,3.681005,3.186873,4.027579,3.044522,inf,3.387112,3.262881,3.275540,2.736135,3.145785,3.114748,2.582393,3.275540,3.249894,2.673554,inf,3.345421,2.876286,2.543412,1.499911,inf,3.887428,3.131699,3.194281,3.241044,3.338122,2.894470,2.976622,2.936059,3.060149,3.179354,3.249894,3.194281,2.857416,3.243271,3.285441,3.406722,3.658274,3.104295,3.174278,inf,3.569433,inf,3.609455,2.766255,3.334432,inf,inf,2.452637,2.673554,2.953362,inf,2.817395
inf,3.346972,2.493756,inf,3.183808,3.101268,2.944439,2.666091,3.304000,3.371833,inf,2.686094,3.454211,3.596467,3.364314,3.369964,2.610853,inf,3.110792,2.917405,inf,2.978350,3.263979,inf,3.081657,inf,3.656943,3.194561,3.028977,inf,3.722124,3.543787,inf,3.225498,3.650574,3.113927,inf,2.840330,3.096976,inf,3.148423,3.147172,3.061246,2.917405,inf,3.263979,inf,inf,1.335001,3.581973,3.316659,3.379241,3.484895,2.829935,3.229483,3.710888,2.563839,2.707039,3.364314,2.597865,2.829935,2.845855,3.004582,2.932332,2.821460,2.894674,3.603559,2.410678,3.447841,2.805834,3.039967,2.677619,3.559413,3.028977,2.576967,3.375551,3.466712,3.008566,2.445175,2.970086,2.232132
3.121945,3.526361,3.299527,3.365907,4.024075,3.189496,2.829935,2.736135,3.594961,3.172379,inf,4.075667,3.947904,3.684695,3.655275,3.660925,inf,3.511434,3.545594,3.411099,4.131279,3.472044,3.901513,inf,4.268498,3.173870,3.254757,3.832095,4.013085,3.662794,2.750221,3.488174,3.738802,inf,3.594961,inf,3.323628,4.104246,3.069942,inf,3.607620,2.744985,3.149475,2.693556,inf,inf,2.561188,3.887428,3.581973,1.793493,3.810353,3.068215,4.122430,3.670202,3.775856,4.001849,4.241094,3.647641,3.399862,3.581973,3.872934,2.790242,3.372618,3.872934,3.738802,2.707879,3.042146,3.362517,3.280657,3.901513,inf,2.968580,2.998000,2.567899,3.966540,2.596478,3.757672,3.554940,inf,3.018292,inf
2.712790,3.169886,3.348517,2.533103,3.412187,3.126914,3.316659,2.894470,3.329647,2.520470,3.852631,4.013085,3.336016,2.851891,3.003366,2.745969,3.074234,3.102279,inf,3.348517,2.402596,3.062888,2.687639,2.812910,2.708050,3.916007,3.133284,3.514101,3.257356,2.907065,3.324122,3.020127,inf,2.480923,2.780341,3.891612,2.611405,2.842717,2.926101,2.346091,2.701839,2.596478,3.636199,3.054624,inf,2.740319,2.570157,3.131699,3.316659,3.810353,1.801861,3.463779,2.705823,3.058314,2.740319,2.840655,4.178512,4.134366,3.448852,2.714673,3.607620,2.808920,2.557998,3.208366,2.871502,3.123053,3.079900,2.953362,3.676221,3.034213,3.614919,2.983073,inf,3.401197,3.557385,3.054624,2.842717,3.236945,3.020127,inf,2.740319
2.996288,3.132132,2.905298,3.222066,3.330927,inf,3.928547,3.250945,2.968580,3.316220,3.915213,2.924374,3.947904,3.338122,3.149475,3.071597,3.594961,3.511434,inf,3.299527,2.979987,3.472044,3.554940,3.365907,3.117205,inf,3.254757,2.909182,3.666512,3.407381,3.554940,2.898847,3.189496,3.372618,3.136816,3.404887,3.526361,3.646101,3.335256,2.802901,3.372618,3.235400,3.698781,2.567899,3.677501,3.005634,3.019333,3.194281,3.379241,3.068215,3.463779,1.937334,3.429283,3.020560,3.042688,2.759395,3.894520,3.301068,2.922107,2.955592,3.246553,3.315153,3.228777,3.449285,3.536070,3.441048,3.894520,2.904371,inf,2.928558,2.872782,2.742587,3.503800,4.013085,3.619966,3.040130,3.757672,2.952953,3.429283,3.751461,3.149475
2.846529,4.234001,3.202449,2.778414,3.580423,3.641724,inf,2.918865,3.295151,2.916075,3.268829,3.978589,2.811105,3.038311,3.211623,3.217273,2.948577,2.721209,2.899210,3.380786,2.751727,3.721539,3.052397,2.922255,2.487772,3.534937,3.648094,4.284323,3.366701,2.872569,3.222860,2.932951,3.641724,2.686213,2.804736,3.510542,2.879976,3.071267,3.035446,2.614662,2.769740,3.341054,inf,2.876286,2.887276,2.908556,3.268829,3.241044,3.484895,4.122430,2.705823,3.429283,1.901104,2.971137,2.755865,3.100052,2.901562,2.780341,2.753478,2.732857,2.923482,3.039738,2.699200,3.429283,3.015343,3.893276,3.104295,3.409280,3.988298,3.457862,3.580423,3.295151,3.295151,2.764715,3.320156,inf,2.653143,4.007168,2.908556,3.105077,2.705823
3.055179,3.048605,3.208366,3.019333,3.677501,3.738802,3.123828,3.082709,3.248387,3.172379,3.568639,2.977054,3.489759,3.194281,3.028894,3.071597,3.248387,2.885053,4.094900,3.131291,2.811751,3.472044,3.208366,3.110494,3.069550,3.632015,2.849292,3.027376,2.973364,2.969647,3.208366,3.030029,3.738802,3.169886,3.045655,3.149475,3.526361,3.208366,3.167020,2.711740,2.967153,3.091559,3.698781,3.208366,3.128195,2.861793,3.019333,3.338122,2.829935,3.670202,3.058314,3.020560,2.971137,1.980839,3.126215,3.197130,3.089801,3.098335,2.759395,2.729599,2.865483,3.045655,3.069550,3.270948,3.189496,3.094474,3.547947,2.701639,3.536070,2.861793,2.984354,3.941535,2.998000,4.013085,3.619966,3.463779,3.064525,2.952953,3.082709,3.149475,2.802901
2.958101,3.540854,3.314021,2.821920,3.233849,3.295151,2.882909,2.962371,3.354042,2.688706,inf,3.376602,3.595413,2.953362,2.931816,2.987507,3.074234,2.990707,3.507407,3.170180,2.820327,inf,2.967447,2.869575,2.851891,3.391096,4.400132,2.964795,3.569433,2.819889,3.314021,2.967447,2.804736,2.785126,3.007468,3.366701,3.005634,3.111288,3.046682,2.561982,2.870075,2.954459,3.804435,3.314021,3.783156,2.855875,2.738393,2.894470,3.229483,3.775856,2.740319,3.042688,2.755865,3.126215,2.062718,3.134548,3.248136,3.103654,2.865050,2.935589,3.429283,3.111288,3.020127,4.181321,2.992083,4.096008,3.027220,2.744712,3.844457,4.007168,2.810200,3.354042,3.020127,3.569433,4.072194,2.876286,3.010953,2.855875,3.111288,3.713275,2.908556
3.184094,2.914473,3.081868,2.252368,3.113268,3.174569,3.364314,3.144858,2.919157,2.843149,3.697554,3.858008,inf,2.817395,3.581457,3.037801,3.377302,3.640349,inf,3.683854,2.815008,3.398226,2.879135,3.350980,2.808386,inf,3.037098,3.065130,3.448852,3.445135,3.448852,3.067782,2.716424,2.808386,3.174569,3.187228,3.105969,3.428441,3.229169,2.696814,3.154959,2.815008,3.481122,2.990707,3.806416,3.134548,2.657833,2.976622,3.710888,4.001849,2.840655,2.759395,3.100052,3.197130,3.134548,1.828178,3.676861,3.174569,3.091042,3.364314,3.655275,3.030728,2.899546,3.858008,2.827996,3.426121,3.218716,3.491431,3.867717,2.710899,2.563962,3.174569,3.006333,3.795426,inf,3.448852,2.913632,3.081868,3.067782,4.083108,2.652008
inf,3.379710,2.883379,3.387493,3.005940,3.760388,3.400827,4.077250,inf,2.847392,3.936799,3.292534,3.217452,3.562440,3.565289,3.224366,2.440860,3.879594,2.671300,3.273458,3.806292,3.147056,4.269673,inf,3.191472,3.195456,3.622917,3.430032,3.229952,3.193965,3.182297,3.163187,3.413815,3.047631,3.963121,2.776832,2.998640,3.432685,4.508135,inf,3.884619,3.806292,2.915648,3.341524,3.240942,3.118380,3.387493,2.936059,2.563839,4.241094,4.178512,3.894520,2.901562,3.089801,3.248136,3.676861,1.890214,2.720667,2.983714,2.910412,2.887069,3.504975,3.191472,2.854799,2.752937,3.318793,3.916106,3.384103,3.134007,2.950144,2.803207,2.864508,3.669227,2.648377,2.542940,4.034671,3.086111,2.926884,3.653601,2.733326,3.059489
3.379192,2.762998,3.185806,3.343346,3.654941,3.716242,3.010107,2.993383,2.879254,3.038247,3.343346,3.503800,3.925344,3.662135,2.909255,3.638365,2.946019,3.488874,3.099385,3.145785,3.415572,2.943683,3.074234,3.546079,3.272983,3.956028,3.467199,3.116388,3.297378,3.640234,3.441219,3.465614,3.166936,3.238486,3.369668,3.238486,inf,3.623540,3.568109,inf,3.190831,3.304000,inf,3.185806,3.028559,3.329647,2.852932,3.060149,2.707039,3.647641,4.134366,3.301068,2.780341,3.098335,3.103654,3.174569,2.720667,1.941433,2.736835,3.212840,3.503800,3.369668,3.147325,3.359959,3.166936,3.274647,3.322654,3.228385,inf,3.329647,3.105635,3.023095,3.201432,3.094645,3.048100,3.990525,3.532380,3.041965,3.060149,3.382327,3.126914
2.928681,3.164860,3.540013,2.927331,3.662574,3.377302,3.017741,3.144858,3.121889,3.157453,3.900286,3.511434,3.474832,3.414356,2.861276,2.691227,3.580035,3.496508,inf,3.193440,3.017741,3.803691,3.260205,3.095567,3.011118,3.270515,3.474832,3.012450,3.998159,3.098561,3.371777,3.067782,2.919157,2.768364,3.377302,3.134548,3.308701,2.990707,3.431902,3.043387,3.298800,3.567047,3.337281,2.644134,2.910536,3.081868,3.095567,3.179354,3.364314,3.399862,3.448852,2.922107,2.753478,2.759395,2.865050,3.091042,2.983714,2.736835,1.867459,2.940665,2.575533,3.580035,3.357692,4.407314,3.030728,3.426121,3.421448,2.942125,inf,2.990707,2.857856,3.377302,3.030728,3.448852,inf,3.102279,3.049599,2.806845,2.865050,3.134548,2.931816
2.999220,4.040119,3.120138,2.819533,inf,inf,3.637586,2.868823,inf,3.025260,inf,3.235400,3.030562,3.249894,2.703436,3.090156,3.304000,2.873900,3.254633,2.687639,2.944439,3.874230,2.984171,2.819533,2.560930,3.687628,3.454211,3.285722,3.172818,2.881419,2.869750,2.647907,2.754694,2.878925,2.499281,3.663233,3.235400,3.008566,3.155867,2.623512,2.767353,2.741706,inf,3.375551,3.733114,2.917405,3.277678,3.249894,2.597865,3.581973,2.714673,2.955592,2.732857,2.729599,2.935589,3.364314,2.910412,3.212840,2.940665,1.643094,2.483361,2.610853,2.735084,2.979987,2.898535,2.894674,3.256986,2.666091,inf,3.061246,3.386540,2.957427,3.212840,3.172818,3.675579,inf,2.917405,3.120138,2.791748,3.205087,2.655781
3.290181,3.232467,3.757672,3.568639,3.474768,3.189496,3.379241,3.159784,3.594961,3.013153,3.568639,4.075667,2.577484,3.684695,3.149475,2.706154,3.941535,2.575533,inf,2.952953,inf,3.125470,3.698781,3.915213,2.399663,3.429283,3.601331,3.138948,3.666512,3.239145,3.554940,2.736135,3.189496,2.567899,3.045655,2.914473,inf,3.096794,3.204074,3.607620,3.092810,3.326561,3.698781,2.730610,2.872782,3.901513,3.222066,3.194281,2.829935,3.872934,3.607620,3.246553,2.923482,2.865483,3.429283,3.655275,2.887069,3.503800,2.575533,2.483361,1.720902,3.392229,2.436717,3.102712,2.886428,3.297207,3.201373,2.957052,4.085376,3.352207,inf,2.968580,3.098335,2.659060,3.619966,4.013085,3.208366,2.952953,2.938868,2.884160,3.842622
2.921047,3.157227,3.276967,2.701339,3.196795,3.460829,2.898535,2.770239,3.316988,3.081753,3.637240,3.451120,3.264466,3.151309,3.318411,3.180219,3.316988,3.233461,2.964553,2.890372,2.917405,3.082499,2.818821,3.087934,2.727661,3.354042,3.264466,3.756855,3.185806,3.038247,2.839232,2.727661,3.002684,3.035754,2.767682,4.022794,2.968580,3.021554,2.987402,2.524928,2.958678,2.783273,3.420808,3.532380,3.543369,2.771166,2.701339,2.857416,2.845855,2.790242,2.808920,3.315153,3.039738,3.045655,3.111288,3.030728,3.504975,3.369668,3.580035,2.610853,3.392229,2.054124,2.983073,3.045655,3.181021,2.704929,2.955669,2.804736,inf,2.930393,3.399528,3.663562,3.023095,3.185806,4.035140,3.276967,2.786552,3.074234,2.948577,3.126914,2.668769
2.901437,2.696422,2.607715,2.610178,2.974452,3.238486,2.937816,2.750629,3.185806,2.715569,3.414897,3.228777,2.797947,3.131699,3.704265,2.774014,3.441219,2.755705,3.248010,3.460089,2.496622,2.716315,2.774816,3.414897,2.392414,3.222860,3.023939,3.534512,2.675781,2.763224,3.603930,2.844017,3.441219,2.148843,2.748072,3.107304,2.449705,3.217335,2.730080,2.616889,2.713075,2.570832,2.943052,2.742547,3.100110,2.977548,2.298101,3.243271,3.004582,3.372618,2.557998,3.228777,2.699200,3.069550,3.020127,2.899546,3.191472,3.147325,3.357692,2.735084,2.436717,2.983073,1.776786,2.614444,2.851891,2.940732,2.844898,3.555348,3.585060,2.428242,2.921772,2.604231,3.350058,2.863128,3.119650,3.022355,2.910783,2.708050,2.708050,3.107304,2.851891
3.257912,3.435200,2.739231,3.313226,3.075515,3.392229,2.932332,3.159784,4.144267,3.441878,3.568639,3.127107,3.457490,3.050440,3.655275,3.517084,3.451120,3.714167,3.324677,2.952953,3.294291,2.738875,3.352207,3.568639,3.054624,3.285441,3.298263,3.485522,2.829523,3.316220,3.176097,2.967447,3.392229,2.986023,3.451120,3.463779,2.924374,3.236945,3.217062,3.463779,3.372618,3.014483,3.096794,3.064525,4.226807,3.411099,3.078225,3.285441,2.932332,3.872934,3.208366,3.449285,3.429283,3.270948,4.181321,3.858008,2.854799,3.359959,4.407314,2.979987,3.102712,3.045655,2.614444,2.113033,3.594961,2.910612,3.244879,3.059449,3.315153,2.952953,2.984354,2.945320,3.503800,3.242863,3.196317,3.117205,3.064525,2.987450,3.285441,3.058314,3.149475
3.064888,3.301068,3.074234,2.808126,3.196795,inf,inf,2.679079,3.807403,2.879021,inf,3.594961,3.264466,3.295151,3.174569,2.774754,2.708790,3.030728,3.064888,3.767381,2.898535,4.031059,2.915007,3.434507,2.780341,inf,3.355627,3.004816,3.878953,3.384821,4.225527,3.242470,3.055364,2.780341,3.114256,3.015343,3.189496,3.511969,3.312696,2.924182,3.238486,2.898535,3.564649,3.185806,3.889943,3.420808,3.087934,3.406722,2.821460,3.738802,2.871502,3.536070,3.015343,3.189496,2.992083,2.827996,2.752937,3.166936,3.030728,2.898535,2.886428,3.181021,2.851891,3.594961,1.887677,3.509648,3.211082,3.574958,inf,2.871502,2.738650,2.911523,3.513509,2.905998,2.681115,3.878953,3.623540,3.420808,3.295151,2.924182,2.812610
3.519172,2.782397,2.902137,inf,inf,3.163075,2.456940,2.675218,3.365807,3.636373,3.339485,3.041794,3.372177,3.455542,3.426121,4.124918,3.365807,3.628854,inf,2.939191,inf,2.582012,3.672360,inf,3.234625,3.056288,2.822871,3.347528,3.090784,3.636373,2.744211,2.709714,3.163075,3.143464,2.672660,3.725040,3.297207,3.022718,3.014942,inf,3.490038,2.803513,2.920321,3.783931,inf,2.979212,2.790179,3.658274,2.894674,2.707879,3.123053,3.441048,3.893276,3.094474,4.096008,3.426121,3.318793,3.274647,3.426121,2.894674,3.297207,2.704929,2.940732,2.910612,3.509648,1.757534,3.462634,2.727898,3.856222,2.521067,3.101774,2.907662,2.994839,3.783931,3.737386,3.090784,3.070373,2.676144,3.056288,2.920321,2.573747
3.220606,3.456786,4.125832,2.838187,3.352513,3.211082,2.910412,3.037529,3.269974,3.193965,inf,4.097253,3.033589,3.282632,3.087534,3.224366,3.616547,3.330288,3.220606,3.273458,3.179910,3.840203,3.070725,3.387493,2.817865,4.000175,3.766758,3.709840,3.341524,3.135074,3.282632,3.104295,3.067241,2.936059,3.269974,3.282632,2.998640,3.273458,3.188606,2.936059,3.017318,2.953918,3.171061,3.229952,3.240942,3.229952,3.243652,3.104295,3.603559,3.042146,3.079900,3.894520,3.104295,3.547947,3.027220,3.218716,3.916106,3.322654,3.421448,3.256986,3.201373,2.955669,2.844898,3.244879,3.211082,3.462634,1.907915,3.181370,3.211082,3.576526,3.005940,3.413815,3.019586,2.883379,3.641552,3.229952,3.229952,3.152877,3.307028,3.282632,2.891253
3.381750,3.474089,3.135683,2.855489,3.167084,2.881811,2.522250,3.087101,3.084544,3.075301,3.751369,2.669370,3.325915,3.097203,2.712359,3.640922,3.084544,3.694164,3.931056,2.677538,3.274289,3.105467,3.279524,3.202063,2.905707,inf,3.090913,2.649810,3.849241,3.243538,3.156094,2.918865,2.881811,3.352616,2.972972,inf,3.362517,2.900681,2.850486,2.547897,2.862201,2.816143,inf,3.299935,2.761619,2.932951,3.202063,3.174278,2.410678,3.362517,2.953362,2.904371,3.409280,2.701639,2.744712,3.491431,3.384103,3.228385,2.942125,2.666091,2.957052,2.804736,3.555348,3.059449,3.574958,2.727898,3.181370,1.760480,3.228385,2.841790,2.708938,2.972972,2.535238,inf,3.109549,3.299935,2.967447,2.697949,3.010026,3.332205,2.874059
inf,inf,3.970114,inf,3.543369,3.258097,3.794415,3.921532,inf,4.077968,inf,inf,3.061733,3.406722,3.664984,4.219940,3.460829,inf,inf,4.316687,inf,4.031059,inf,inf,inf,3.295151,3.467199,4.247269,3.878953,3.182088,3.126914,inf,inf,inf,3.807403,3.820062,inf,3.767381,3.547698,inf,3.728901,3.997147,inf,3.532380,3.889943,3.074234,inf,inf,3.447841,3.280657,3.676221,inf,3.988298,3.536070,3.844457,3.867717,3.134007,inf,inf,inf,4.085376,inf,3.585060,3.315153,inf,3.856222,3.211082,3.228385,1.826996,3.767381,inf,3.460829,inf,3.532380,3.832408,3.329647,inf,3.970114,inf,4.166635,inf
3.776905,2.490824,3.439678,2.624263,3.706080,3.420808,2.714673,3.044522,3.276967,3.344800,3.597218,3.411099,3.976483,2.817395,3.683854,2.716549,2.583820,inf,inf,3.159870,2.493756,2.807476,3.380786,inf,2.668029,inf,3.283336,3.370260,2.890372,3.547532,3.348517,2.509302,3.420808,2.428242,3.276967,3.636199,2.861793,3.328106,3.128834,3.289626,3.401197,2.773564,2.282174,3.348517,3.359507,3.034213,2.904071,3.569433,2.805834,3.901513,3.034213,2.928558,3.457862,2.861793,4.007168,2.710899,2.950144,3.329647,2.990707,3.061246,3.352207,2.930393,2.428242,2.952953,2.871502,2.521067,3.576526,2.841790,3.767381,1.504077,1.837245,3.074234,3.185806,3.695091,3.648546,3.348517,3.786251,2.587304,3.314021,3.636199,2.138333
3.552893,2.637780,3.215666,2.568487,3.135494,3.196795,2.346819,3.167084,inf,2.976946,3.373206,3.187086,2.947752,2.796115,inf,2.772345,2.594809,inf,2.748174,3.215666,2.549552,2.650229,3.706080,inf,2.753536,3.436582,3.405897,2.688102,2.921772,3.670093,3.471078,2.540702,2.503648,2.719040,inf,inf,2.984354,2.935858,3.139823,inf,2.974452,3.242699,2.463627,2.921772,inf,3.359507,3.026632,inf,3.039967,inf,3.614919,2.872782,3.580423,2.984354,2.810200,2.563962,2.803207,3.105635,2.857856,3.386540,inf,3.399528,2.921772,2.984354,2.738650,3.101774,3.005940,2.708938,inf,1.837245,1.232163,2.850222,2.556328,3.124505,3.077960,3.471078,3.215666,2.666359,3.090008,2.719040,2.149323
3.816927,3.248387,2.853318,3.087934,3.052954,3.460829,2.845855,3.777691,inf,3.129408,2.944093,2.992975,2.865212,3.956028,2.919157,3.180219,2.767682,3.233461,3.470353,3.368127,2.957427,2.847497,3.420808,inf,2.791577,3.354042,3.211786,3.063707,2.930393,3.587554,4.081686,3.903348,3.114256,2.636500,3.663562,3.676221,3.248387,3.021554,3.057283,3.329647,3.161411,3.048588,inf,2.381087,3.746102,3.623540,2.944093,3.609455,2.677619,2.968580,2.983073,2.742587,3.295151,3.941535,3.354042,3.174569,2.864508,3.023095,3.377302,2.957427,2.968580,3.663562,2.604231,2.945320,2.911523,2.907662,3.413815,2.972972,3.460829,3.074234,2.850222,1.760230,3.369668,2.839232,2.715612,2.930393,3.276967,3.021554,3.151309,3.473488,3.218075
3.176460,3.066066,3.276967,3.546079,2.850222,3.166936,2.551962,3.060149,3.023095,2.907065,3.892653,3.157227,3.925344,3.315562,3.632715,3.638365,inf,3.835447,inf,3.041965,3.762146,3.102910,3.126914,inf,2.800752,3.956028,2.749656,2.813320,3.643951,3.640234,3.532380,3.262881,2.743287,3.493899,3.918974,3.585060,3.503800,3.735112,3.265041,2.891913,3.291166,2.866266,3.329647,3.643951,2.961794,3.532380,2.996773,2.766255,3.559413,2.998000,inf,3.503800,3.295151,2.998000,3.020127,3.006333,3.669227,3.201432,3.030728,3.212840,3.098335,3.023095,3.350058,3.503800,3.513509,2.994839,3.019586,2.535238,inf,3.185806,2.556328,3.369668,1.887032,2.839232,inf,3.297378,2.665079,2.762157,2.857416,3.238486,2.780341
2.848756,3.084936,3.551250,3.362217,3.268346,inf,inf,3.502668,3.735112,3.032722,3.362217,inf,2.590189,3.681005,3.795426,4.147649,2.839232,2.958438,2.534452,4.244397,inf,3.612195,4.041664,inf,2.675781,3.772166,3.115100,3.481831,3.001944,3.109798,3.603930,3.001944,inf,2.616889,3.185806,3.198465,2.973364,2.858102,3.037673,inf,3.310037,2.885136,3.492358,2.910783,3.471078,3.695091,3.015643,3.334432,3.028977,2.567899,3.401197,4.013085,2.764715,4.013085,3.569433,3.795426,2.648377,3.094645,3.448852,3.172818,2.659060,3.185806,2.863128,3.242863,2.905998,3.783931,2.883379,inf,3.532380,3.695091,3.124505,2.839232,2.839232,1.519307,2.864238,2.361477,3.897823,3.551250,2.732445,2.428242,inf
inf,4.078112,2.955398,inf,3.221801,3.485834,3.675579,inf,3.341993,3.409826,inf,3.476125,3.348363,3.981034,3.546148,inf,2.489619,inf,2.868977,3.504704,inf,3.912223,3.995119,inf,inf,inf,3.694936,3.781860,3.760117,inf,inf,inf,inf,3.812798,3.688567,2.805346,inf,3.224897,3.428862,inf,3.354652,3.329006,inf,3.760117,inf,inf,inf,inf,2.576967,3.966540,3.557385,3.619966,3.320156,3.619966,4.072194,inf,2.542940,3.048100,inf,3.675579,3.619966,4.035140,3.119650,3.196317,2.681115,3.737386,3.641552,3.109549,3.832408,3.648546,3.077960,2.715612,inf,2.864238,1.642005,3.760117,3.851278,inf,inf,2.765325,inf
3.541904,3.575351,3.897823,3.362217,3.817652,3.532380,3.028977,3.156094,3.735112,4.005678,3.708790,3.869244,3.741482,3.681005,4.142000,3.342930,3.735112,inf,inf,3.695091,3.231710,2.985813,3.236945,3.159484,3.512769,3.425592,3.394908,3.370260,3.001944,3.200959,3.054624,inf,2.727661,2.963463,inf,2.774816,3.319938,3.348517,3.081179,3.054624,3.512769,2.773564,inf,2.910783,inf,3.695091,3.159484,inf,3.375551,2.596478,3.054624,3.040130,inf,3.463779,2.876286,3.448852,4.034671,3.990525,3.102279,inf,4.013085,3.276967,3.022355,3.117205,3.878953,3.090784,3.229952,3.299935,3.329647,3.348517,3.471078,2.930393,3.297378,2.361477,3.760117,1.704316,3.551250,2.425604,3.425592,3.198465,inf
2.828345,3.411099,2.706509,3.106804,2.666359,2.818821,2.614337,2.789110,2.853318,2.814364,3.799951,3.411099,3.374497,3.222860,3.134548,3.087518,3.479699,2.846866,inf,3.362603,3.043063,2.898636,2.687639,2.904071,2.375562,3.516753,3.080604,3.716833,3.348517,3.200959,3.348517,2.823606,inf,2.851891,3.021554,3.492358,3.064525,3.184265,2.873421,2.452637,2.910783,3.466712,3.583519,3.897823,3.215666,2.890372,2.517476,2.452637,3.466712,3.757672,2.842717,3.757672,2.653143,3.064525,3.010953,2.913632,3.086111,3.532380,3.049599,2.917405,3.208366,2.786552,2.910783,3.064525,3.623540,3.070373,3.229952,2.967447,inf,3.786251,3.215666,3.276967,2.665079,3.897823,3.851278,3.551250,1.728090,3.295837,2.620874,3.492358,2.341066
3.174919,2.670296,3.295837,3.453377,3.562239,3.623540,2.714673,2.900681,2.930393,2.998226,3.106804,2.761457,3.374497,2.919792,3.337281,3.199089,3.479699,inf,3.979638,3.016029,3.211299,2.504408,3.236945,3.799951,2.954288,3.170180,3.027923,2.849533,3.204676,3.200959,3.348517,2.783585,2.524928,2.751556,3.276967,2.596478,2.606380,3.093104,3.331566,2.943052,3.198465,2.773564,2.484907,3.348517,3.104094,2.634959,2.648658,2.673554,3.008566,3.554940,3.236945,2.952953,4.007168,2.952953,2.855875,3.081868,2.926884,3.041965,2.806845,3.120138,2.952953,3.074234,2.708050,2.987450,3.420808,2.676144,3.152877,2.697949,3.970114,2.587304,2.666359,3.021554,2.762157,3.551250,inf,2.425604,3.295837,1.836951,3.058608,3.492358,3.034213
2.958101,2.938868,2.967447,3.124988,3.233849,3.497883,2.882909,2.918865,3.151309,3.166462,3.327720,3.285441,2.902266,3.443776,3.760930,3.420006,3.700616,2.923941,inf,3.516753,3.341054,2.825659,2.908556,2.981147,2.505318,3.737670,3.013838,3.244602,3.425592,3.075301,3.425592,3.044522,inf,2.851891,3.151309,3.366701,3.632015,2.642153,3.205909,2.817395,3.072808,3.085641,inf,3.772166,3.436582,2.967447,2.778414,2.953362,2.445175,inf,3.020127,3.429283,2.908556,3.082709,3.111288,3.067782,3.653601,3.060149,2.865050,2.791748,2.938868,2.948577,2.708050,3.285441,3.295151,3.056288,3.307028,3.010026,inf,3.314021,3.090008,3.151309,2.857416,2.732445,inf,3.425592,2.620874,3.058608,1.781658,4.059848,2.628748
3.280280,3.863033,3.145785,3.100593,3.209454,inf,3.663233,3.587617,4.022794,3.320405,3.023517,3.117205,2.959131,3.765955,3.278389,3.395611,2.871502,3.939267,2.566721,3.289626,3.407820,4.246450,3.636199,3.996472,4.349757,inf,3.571018,3.311368,2.995732,3.320405,3.289626,2.980106,3.473488,3.597719,2.740319,2.995732,2.855581,4.532079,2.978781,inf,3.342306,2.970086,3.780040,3.198465,4.105334,inf,3.996472,inf,2.970086,3.018292,inf,3.751461,3.105077,3.149475,3.713275,4.083108,2.733326,3.382327,3.134548,3.205087,2.884160,3.126914,3.107304,3.058314,2.924182,2.920321,3.282632,3.332205,4.166635,3.636199,2.719040,3.473488,3.238486,2.428242,2.765325,3.198465,3.492358,3.492358,4.059848,1.996684,3.577308
2.913295,3.058314,2.687639,2.498606,3.300615,3.361916,2.858514,2.985631,2.871502,2.939335,inf,3.352207,inf,2.961236,3.278389,2.878574,2.668769,2.787975,inf,3.727360,2.603101,3.238999,2.719908,2.845180,2.393746,inf,3.224445,3.657942,3.289626,3.142067,3.636199,2.705823,3.015343,2.590267,2.871502,inf,3.149475,3.100978,3.213783,2.426015,2.793000,3.061246,2.628748,3.636199,3.647189,2.831480,2.989021,2.817395,2.232132,inf,2.740319,3.149475,2.705823,2.802901,2.908556,2.652008,3.059489,3.126914,2.931816,2.655781,3.842622,2.668769,2.851891,3.149475,2.812610,2.573747,2.891253,2.874059,inf,2.138333,2.149323,3.218075,2.780341,inf,inf,inf,2.341066,3.034213,2.628748,3.577308,1.471244
